{
	"samplers" :
	{
		"Sampler_3" :
		{
			"min" : "none",
			"mag" : "none",
			"mip" : "none",
			"u" : "wrap",
			"v" : "wrap",
			"w" : "wrap",
			"miplodbias" : 0,
			"max_anisotropic" : 1,
			"compare_function" : "disabled",
			"border" :[1, 1, 1, 1],
			"min_lod" : -3.40282e+38,
			"max_lod" : 3.40282e+38
		}
	},

	"macroblocks" :
	{
		"Macroblock_0" :
		{
			"scissor_test" : false,
			"depth_check" : true,
			"depth_write" : true,
			"depth_function" : "less_equal",
			"depth_bias_constant" : 0,
			"depth_bias_slope_scale" : 0,
			"cull_mode" : "clockwise",
			"polygon_mode" : "solid"
		}
	},

	"blendblocks" :
	{
		"Blendblock_0" :
		{
			"alpha_to_coverage" : false,
			"blendmask" : "rgba",
			"separate_blend" : false,
			"src_blend_factor" : "one",
			"dst_blend_factor" : "zero",
			"blend_operation" : "add"
		}
	},

	"pbs" : 
	{

		"10Pbs" :
		{
			"macroblock" : "Macroblock_0",
			"blendblock" : "Blendblock_0",
			"shadow_const_bias" : 0.01,
			"workflow" : "specular_ogre",
			"diffuse" :
			{
				"value" : [1, 1, 1],
				"texture" : "10points.png",
				"sampler" : "Sampler_3"
			},
			"specular" :
			{
				"value" : [1, 1, 1]
			},
			"fresnel" :
			{
				"value" : 0.818,
				"mode" : "coeff"
			},
			"normal" :
			{
				"value" : 1,
				"texture" : "floor_bump.PNG",
				"sampler" : "Sampler_3"
			},
			"roughness" :
			{
				"value" : 1
			}
		}
	}
}