{

	"macroblocks" :
	{
		"Macroblock_0" :
		{
			"scissor_test" : false,
			"depth_check" : true,
			"depth_write" : true,
			"depth_function" : "less_equal",
			"depth_bias_constant" : 0,
			"depth_bias_slope_scale" : 0,
			"cull_mode" : "clockwise",
			"polygon_mode" : "solid"
		}
	},

	"blendblocks" :
	{
		"Blendblock_0" :
		{
			"alpha_to_coverage" : false,
			"blendmask" : "rgba",
			"separate_blend" : false,
			"src_blend_factor" : "one",
			"dst_blend_factor" : "zero",
			"blend_operation" : "add"
		}
	},

	"unlit" : 
	{

		"HlmsUnlit" :
		{
			"macroblock" : "Macroblock_0",
			"blendblock" : "Blendblock_0",
			"shadow_const_bias" : 0.01
		}
	}
}